Trial,Total_Time,Full_Problem_Count
1,255.24498200416565,0
2,279.8864538669586,2
3,252.7830741405487,0
4,270.8486831188202,1
5,291.44905495643616,4
6,254.52125000953674,1
7,281.1311149597168,2
8,299.9373290538788,4
9,274.44105195999146,4
10,316.8692719936371,3
