Trial,Total_Time,Full_Problem_Count
1,716.4632811546326,1
2,429.160493850708,0
3,417.2328140735626,0
4,420.8682630062103,0
5,425.93683791160583,1
6,413.704528093338,0
7,433.4604480266571,1
8,414.2160179615021,0
9,502.8682858943939,1
10,419.11958384513855,0
