Trial,Total_Time,Full_Problem_Count
1,266.87217807769775,0
2,266.2705240249634,0
3,265.82415413856506,0
4,266.0873849391937,0
5,270.5256378650665,0
6,266.6266379356384,0
7,268.3056411743164,0
8,264.40996503829956,0
9,263.6786479949951,0
10,266.3363528251648,0
