Trial,Total_Time,Full_Problem_Count
1,263.88752603530884,0
2,268.1257779598236,0
3,267.5584120750427,0
4,333.3556098937988,1
5,347.3280620574951,2
6,292.17996406555176,1
7,276.2849380970001,1
8,264.7381830215454,0
9,265.7014629840851,0
10,266.4055190086365,0
