Trial,Total_Time,Full_Problem_Count
1,306.41708993911743,1
2,266.779659986496,0
3,420.7959179878235,3
4,269.81692910194397,1
5,265.1496171951294,0
6,289.5921981334686,1
7,442.3944730758667,7
8,284.38090205192566,1
9,347.21343898773193,3
10,686.5532419681549,8
